{
    "Filter T1": {
        "min": 388.3999939,
        "max": 398.1000061,
        "top": 96.13774109,
        "center": 393.25
    },
    "Filter T2": {
        "min": 400.2000122,
        "max": 410.2000122,
        "top": 95.07568359,
        "center": 405.2000122
    },
    "Filter S1": {
        "min": 393.3999939,
        "max": 403.5,
        "top": 99.08554077,
        "center": 398.44999695
    },
    "Filter S2": {
        "min": 418.5,
        "max": 428.2999878,
        "top": 96.73931885,
        "center": 423.3999939
    }
}